id_estrella,nombre,fecha_nacimiento,ciudad_nacimiento,url_imagen,username
1,Mark Hamill,1951-09-25,"Oakland, California",https://decine21.com/img/upload/perfiles/mark-hamill-14817/mark-hamill-14817-c.jpg,fcirettg
2,Carrie Fisher,1956-10-21,"Burbank, California","https://m.media-amazon.com/images/M/MV5BMTY3YWY0YjAtY2Y5OS00OTQxLWE4NGQtZDA3NDU0YTVlZDMxXkEyXkFqcGc@._V1_.jpg"" sizes=""100vw",fcirettg
3,Mads Mikkelsen ,1965-11-22,"Østerbro, Dinamarca",https://i.pinimg.com/originals/a5/dc/9b/a5dc9bfb274d88d976cb5370e3f168a4.jpg,Majo
4,Al Pacino,1940-04-25,"Harlem del Este, NY",https://www.lavanguardia.com/peliculas-series/images/all/profile/1940/4/1158/w1280/fMDFeVf0pjopTJbyRSLFwNDm8Wr.jpg,Isaac
5,Sydney Sweeney,1997-09-12,"Spokane, Washington",https://www.google.com/url?sa=i&url=https%3A%2F%2Fwww.elle.com%2Fuk%2Fbeauty%2Fhair%2Fa62633803%2Fsydney-sweeney-brown-hair%2F&psig=AOvVaw3hwT2tqtIQJ2Ycd5WBgFUG&ust=1741986969554000&source=images&cd=vfe&opi=89978449&ved=0CBAQjRxqFwoTCKCS-In-h4wDFQAAAAAdAAAAABAE,
6,Arnold Schwarzenegger,1947-07-30,"Thal, Australia","https://media.cnn.com/api/v1/images/stellar/prod/220122120946-arnold-schwarzenegger-2021-file.jpg?c=16x9&q=h_653,w_1160,c_fill/f_webp",toño
7,Hailee Steinfeld,1996-11-12,"Los Angeles, California",https://media.themoviedb.org/t/p/w600_and_h900_bestv2/dxSDWkiVaC6JYjrV3XRAZI7HOSS.jpg,Karolina
8,Saoirse Ronan,1994-04-12,"Nueva York, Nueva York",https://image.tmdb.org/t/p/original/up6QJZUK88e4ZD9r1iJEj966LoS.jpg,jogerman
9,Ryan Reinolds,1976-10-23,"Vancouver, Canada",https://encrypted-tbn0.gstatic.com/licensed-image?q=tbn:ANd9GcTq-oZ3cE1Bjh1IT9SL6IJCj9of3BK-Y28DYlKUa2p9j7GX_NhXTxtzAb5bMb6SCQSwejl4EtOlhlRBIU3R_8GY5_khi3L1oQ,Genaro
10,Gal Gadot,1985-04-30,"Petaj Tikva, Israel",https://upload.wikimedia.org/wikipedia/commons/6/6a/Gal_Gadot_2018_cropped_retouched.jpg,Genaro
11,Jaime Foxx,1967-12-13,"Terrell, Texas, Estados Unidos",https://encrypted-tbn2.gstatic.com/images?q=tbn:ANd9GcQcf93dNqYZynmztDYBSzf0WodHoLpybg04aUzjBDADSZQIgBThA53JAWMU68GzKqoli0EL_Z-44Z35N4_x0cwfKg,Eduardo
12,"Gong Yoo
",1979-07-10,"Busan, Corea del sur","https://tecolotito.elsiglodedurango.com.mx/cdn-cgi/image/format=auto,width=1024/i/2025/01/1294781.jpeg",Almejandra
13,Jack Nicholson,1937-04-22," Neptune City, Nueva Jersey, Estados Unidos",https://encrypted-tbn2.gstatic.com/images?q=tbn:ANd9GcQSUL5ASLpwEPh8xhOe6npa6Ke-A6ElR_3v_-bK7r49MUbDUiBSJE3CeurvTHvxwf0UD3hjwkWLAru6lWfbXK9dYw,Edd
14,Matthew McConaughey,1969-11-04,"Uvalde, Texas, Estados Unidos",https://encrypted-tbn0.gstatic.com/images?q=tbn:ANd9GcR4iaiNI6s5_t-MH1cGUm4o0RL5t32tWw5efg&s,Edd
15,Jerry Trainor,1977-01-21,"San Diego, California",https://mx.web.img3.acsta.net/r_1280_720/medias/nmedia/18/89/81/86/20067970.jpg,Héctor
16,Keanu Reeves,1964-09-02,"Beirut, Líbano",https://m.media-amazon.com/images/M/MV5BNDEzOTdhNDUtY2EyMy00YTNmLWE5MjItZmRjMmQzYTRlMGRkXkEyXkFqcGc@._V1_FMjpg_UX1000_.jpg,Moises
17,charles chaplin,1889-03-16,"Londres, Reino Unido",https://es.babelio.com/users/AVT_Charles-Chaplin_745.jpg,mayo
18,Robert Downey Jr.,1965-04-04,"Manhattan, Nueva York",https://media.themoviedb.org/t/p/w300_and_h450_bestv2/5qHNjhtjMD4YWH3UP0rm4tKwxCL.jpg,IanRM
19,Margot Robbie,1990-07-02,"Dalby, Autralia","https://www.hola.com/horizon/square/a04f724d3d33-margot-robbie-actriz-estilo-t.jpg?im=Resize=(640),type=downsize",Almejandra
20,Jonny Depp,1963-06-09,"Owensboro, Kentucky",https://www.imdb.com/es-es/name/nm0000136/,Yahir
21,Chris Evans,1981-06-13,"Boston, Massachusetts",https://www.lavanguardia.com/peliculas-series/images/profile/1981/6/w1280/3bOGNsHlrswhyW79uvIHH1V43JI.jpg,birt
22,Robin Williams,1951-07-21,"Paradise Cay, Península del Tiburón, California, Estados Unidos",https://encrypted-tbn3.gstatic.com/images?q=tbn:ANd9GcRLtQs1zboECo7OLeTN7pDhGXwvZI8LyLjipMR4hVXrHnD7psZv1pmUZmGPhSOBBOXfvejwlYMuQGSPaeez6wyKreAH0S1t1hx0sdhZ-ZE,Edd
23,Selena Gomez,1992-07-22,"Grand Prairie, Texas",https://image.tmdb.org/t/p/original/32CpPwr1kLiEQsSFlbU1i8yTIvd.jpg,
24,Bob odenkirk,1962-10-22,"Berwyn, Illinois, Estados Unidos",https://www.latercera.com/resizer/v2/N5BBL5EAPBA65NNMKB2IJOQ6IA.jpeg?quality=80&smart=true&auth=dcce74253601286f904e6abf876a3f2e8b2f256c76f02d4ee797706d28aadfc9&width=690&height=502,Edd
25,Tilda Swinton,1960-11-05,"Londres, Reino Unido",https://www.lavanguardia.com/peliculas-series/images/profile/1960/11/w300/gWbX3a7V2MgRMRzekfITNcb27xV.jpg,Moises
26,Ana de Armas,1988-04-30,"La Habana, Cuba",https://encrypted-tbn0.gstatic.com/images?q=tbn:ANd9GcShTn6UncQkVz7O85XIlhIwSqGAdQBmFYqjbg&s,
27,Bryan Cranston,1956-03-07,"Hollywood, Los Ángeles, California, Estados Unidos",https://encrypted-tbn2.gstatic.com/images?q=tbn:ANd9GcTN3al6JJ90KhAdBXaCDGbiegJDFfCUH0mqR0u1bq-HfYkFNP6zUE1dJ0lVISJrPI3et_gsxLn7oe4tAkN8v9t9wmvzUwIU-TtzbB5w5vo,Edd
28,Harrison Ford,1942-07-13,"Chicago, Illinois",https://upload.wikimedia.org/wikipedia/commons/thumb/3/34/Harrison_Ford_by_Gage_Skidmore_3.jpg/440px-Harrison_Ford_by_Gage_Skidmore_3.jpg,fcirettg
29,Tom Holland,1996-06-01,Kingston upon Thames,"https://lumiere-a.akamaihd.net/v1/images/spider-man_tom_holland_178c4a70.jpeg?region=33,0,1431,805&width=960",vee
30,Nicholas Galitzine,1994-09-29,"Londres, Reino Unido",https://media.themoviedb.org/t/p/w600_and_h900_bestv2/fJOWmbELylPO1grgtntTojJH661.jpg,Karolina
31,Cillian Murphy,1976-05-25,"Douglas, Cork, Irlanda",https://encrypted-tbn3.gstatic.com/licensed-image?q=tbn:ANd9GcQzkWitonlWjbOGPF-C9OECuB_y82-lsOAMD46h7fm2NZirQ31Je8wu_yYtt0gCcAL20ETixDKYAB_KaU0,Edd
32,Ryan Gosling,1980-11-12,"London, Ontario",https://i.pinimg.com/originals/62/36/7b/62367b39926c55d958700046c7fe352a.jpg,Majo
33,Tom Hanks,1956-06-09,"Concord, California",https://doblaje.fandom.com/es/wiki/Tom_Hanks,Yahir
34,Leonardo DiCaprio,1974-11-11,"Los Angeles, California",https://www.google.com/url?sa=i&url=https%3A%2F%2Fvariety.com%2Ft%2Fleonardo-dicaprio%2F&psig=AOvVaw25HsbsX2COJ6peM82FXgVD&ust=1741987584735000&source=images&cd=vfe&opi=89978449&ved=0CBAQjRxqFwoTCNir2vH_h4wDFQAAAAAdAAAAABAE,Isaac
35,Adam Sandler,1966-09-09,"Brooklyn, Nueva York",https://www.google.com/imgres?q=adam%20sandler&imgurl=https%3A%2F%2Fstatic.wikia.nocookie.net%2Funiverso-reynandez%2Fimages%2F6%2F66%2FAdam_Sandler.jpg%2Frevision%2Flatest%3Fcb%3D20210910105037%26path-prefix%3Des&imgrefurl=https%3A%2F%2Funiverso-reynandez.fandom.com%2Fes%2Fwiki%2FAdam_Sandler&docid=Y4xWbyGSwA3VfM&tbnid=ci0yh00IZQZppM&vet=12ahUKEwil3IHBgYiMAxWIKkQIHXo_IWgQM3oECGEQAA..i&w=360&h=450&hcb=2&ved=2ahUKEwil3IHBgYiMAxWIKkQIHXo_IWgQM3oECGEQAA,
36,Emily Blunt,1983-02-23,"Londres, Inglaterra",https://www.giantfreakinrobot.com/wp-content/uploads/2023/12/emily-blunt-edge-of-tomorrow1.jpg,
37,Jean-Claude Van Damme,1960-10-18,"Berchem-Sainte-Agathe, Bélgica",https://www.hollywoodreporter.com/wp-content/uploads/2022/11/Jean-Claude-Van-Damme-7766-16x9crop.jpg?w=1296&h=730&crop=1,mayo
38,Sylvester Stallone,1946-07-06,"New York, Estados Unidos",https://images.mubicdn.net/images/cast_member/25372/cache-2352-1478101707/image-w856.jpg?size=300x,mayo
39,Mario Fortino Alfonso Moreno Reyes ,1911-08-12,"Ciudad de Mexico, México",https://resizer.glanacion.com/resizer/v2/tras-la-muerte-de-cantinflas-en-1993-por-un-CFXDDZKM6RDLBPMAY2CB3IOEWI.jpg?auth=e406c22da6f46a848fd5254cf86e08ed096840039f1b3b0a1d0bd2f9159f61cb&width=1280&height=854&quality=70&smart=true,Jorge
40,Emma Watson,1990-04-15,"Paris, Francia",https://imagenes.elpais.com/resizer/v2/YPTIH45VOVAKZLZZW67TWFSBC4.jpg?auth=e6930b70c3f9afd1555e366609a341b26686a811107247e76d82fb63c8a320b4&width=1960&height=1470&focal=1083%2C578,Jorge
41,Charlotte Gainsbourg,1971-07-21,"Londres, Reino Unido",https://image.tmdb.org/t/p/original/sRJV19WKYISPyS3kd3w9FhzCADe.jpg,
42,Christoph Waltz,1956-10-04,"Viena, Austria",http://encrypted-tbn0.gstatic.com/images?q=tbn:ANd9GcQrtdx6t_3sjLvqhj4LNIaG0dfcCJ7t4pTEmJl-pGHqTrc2u6TLwU8KhQnbS4GGjnlyg80SdFE-mBcmxWYKHsztZw,Edd
43,Mia Goth,1993-10-25,"Londres, Reino Unido",https://image.tmdb.org/t/p/original/xB8fVduiFtgu35ieEjiTiFx8ylv.jpg,
44,Charlie Hunnam,1980-04-10,"Newcastle upon Tyne, Reino Unido",https://encrypted-tbn0.gstatic.com/images?q=tbn:ANd9GcQa-pujXNJEfVs5pe10R_RG6jn6kJm1BNBT4LdbuVE6yXLtnVr9VW8GuIW439GMmdKaVPdwsAOvnj0bGNZ27KU9H_PH0vo71XZFs3XkK3s,luis
45,Tom Cruise,1962-07-03,"Siracusa, Nueva York, Estados Unidos",https://encrypted-tbn2.gstatic.com/images?q=tbn:ANd9GcRhOK81cq7EthGs9DoP1laD-HpFW7dBrQIO2Xm0zTajFJlR6OQmpbNY-azRl8h73UoLAyj56K_FpsCz3oWlygyxIuXNU_n7dT67w7rQAA,luis
46,Robert Pattinson,1986-05-13,"Londres, Inglaterra",https://m.media-amazon.com/images/M/MV5BNzk0MDQ5OTUxMV5BMl5BanBnXkFtZTcwMDM5ODk5Mg@@._V1_FMjpg_UX1000_.jpg,marco
47,Eugenio Derbez,1961-09-02,"CDMX, Milpa Alta",https://encrypted-tbn0.gstatic.com/images?q=tbn:ANd9GcSUXDVJiOZySLxK7THOoowzdzJcEdrnMlq77g&s,munguia
48,Neil Patrick Harris,1973-05-15,"Alburqueque, Estados unidos",https://i0.wp.com/applauss.com/wp-content/uploads/2017/09/barney-stinson-quiz.jpg?fit=1200%2C800&ssl=1,angluisb
49,Rami Malek,1981-05-14,"Torrance, California, Estados Unidos",https://upload.wikimedia.org/wikipedia/commons/thumb/4/4f/SXSW_2016_-_Rami_Malek_%2825138464364%29_%28cropped_2%29.jpg/800px-SXSW_2016_-_Rami_Malek_%2825138464364%29_%28cropped_2%29.jpg,VictorJ
50,Anne Hathaway,1982-11-12,"Brooklyn, New York City",https://gudstory.s3.us-east-2.amazonaws.com/wp-content/uploads/2020/07/06090903/Ann-Hathway-560x420.jpg,adrisanv
51,Adrien Brody,1973-04-14,"Nueva York, Nueva York",https://gentleman.elperiodico.com/wp-content/uploads/2024/09/GettyImages-2169722195.jpeg,mau
52,Ezra Miller,1992-09-30,"Nueva Jersey, Estados Unidos",https://encrypted-tbn2.gstatic.com/images?q=tbn:ANd9GcSqHOb4nO6VnhtF2fMIIBvBKQ7QBCyecDYQsOcn-cSE_zpwJqmOd_aNkTaitpsfQkqL0thDZpVeNh4_Z23Z7lQjRQ,Bryangs
53,Michelle Yeoh,1962-08-06,"Ipoh, Malaysia",https://hips.hearstapps.com/hmg-prod/images/malaysian-actress-michelle-yeoh-poses-with-the-oscar-for-news-photo-1690823697.jpg ,sshoup
54,Audrey Hepburn,1929-05-04,"Ixelles, Bèlgica",https://th.bing.com/th/id/R.465aec789ad20f519dca2f142e8851bf?rik=xgktlsTfBW6wbA&riu=http%3a%2f%2fimages4.fanpop.com%2fimage%2fphotos%2f21700000%2fAudrey-Hepburn-audrey-hepburn-21766491-1300-1609.jpg&ehk=MlKSTAf2idBbPl9QP4P0LyPPSjtx8yaCiD7SQp29m2A%3d&risl=&pid=ImgRaw&r=0,samya
55,Steve Carell,1962-08-15,"Concord, Massachusetts",https://news.northwestern.edu/assets/Stories/2025/02/carell1940__FitMaxWzk3MCw2NTBd.jpg,meche
56,Will Smith,1968-09-25,"Filadelfia, Pensilvania",https://th.bing.com/th/id/OIP.Z29ZwK3pIZlz-Zv-4aAqbwHaEK?rs=1&pid=ImgDetMain,jesusyancarlo
57,Ariana Grande,1993-06-26,"Boca Raton, Florida",https://th.bing.com/th/id/OIP.eu-Cw-NXNaXO858Rf9j5rAHaIb?rs=1&pid=ImgDetMain,adrisanv
58,Heath Ledger,1979-04-04,"Perth, Australia",https://encrypted-tbn0.gstatic.com/images?q=tbn:ANd9GcROQKBITuZYFJ80dcXLRkBPzazv8CGCz5py7w&s,Edd
59,Charlie Cox,1982-12-15,"Londres, Reino Unido",https://encrypted-tbn0.gstatic.com/images?q=tbn:ANd9GcSFrXlmd0J5h8R6YfFWZ4W0pYcc6Mu2hR4eUw&s,Edd
60,Willem Dafoe,1955-07-22,"Appleton, Wisconsin, Estados Unidos",https://encrypted-tbn0.gstatic.com/images?q=tbn:ANd9GcTMA22wI_5awvJeoC1-l_sULvP9lmHX1R-iQBq-ZcEfCQAJzo97PdghrgFqwgUYXXm8vHcRENE8BGLq3Db5DHfXGg,Edd
61,Jamie Lee Curtis,1958-11-22,"Santa Mónica, California, Estados Unidos",https://encrypted-tbn2.gstatic.com/images?q=tbn:ANd9GcSxz-oiW_znECXcEFYZo4zxtXBJf9fNRi9K6I-RwEKyDR4xiWCSXsNkilo6AKbOB3FBmlP2C7QaY4chLO_VYgOuzd1MmXfSyTk4werHJ6k,Edd
62,Alfred Molina,1953-05-24,"Paddington, Londres, Reino Unido",https://encrypted-tbn0.gstatic.com/images?q=tbn:ANd9GcT1sSbEjDJdV8ZhNmD7z82xk3_vaNUSI3mH4YEzEQUU3KI1StfPl29a5ZlaioHnIvRQan9N4mSykHdE20jFbC7EZw,Edd
63,César Romero,1907-02-15,"Nueva York, Nueva York, Estados Unidos",https://www.reddit.com/media?url=https%3A%2F%2Fpreview.redd.it%2Fyvwhs9y6n4xc1.jpeg%3Fwidth%3D640%26crop%3Dsmart%26auto%3Dwebp%26s%3D1784abbd446b99a55f9479aeacc3bd01d1962580,Edd
64,Olivia Rodrigo,2003-02-20,"Temecula, California",https://upload.wikimedia.org/wikipedia/commons/thumb/f/ff/OlivaRO2150524_%2838%29_%2853727178601%29_%28cropped%29.jpg/800px-OlivaRO2150524_%2838%29_%2853727178601%29_%28cropped%29.jpg,fcirettg
65,Sabrina Carpenter,1999-05-11,"Lehigh Valley, Pennsylvania, USA",https://www.google.com/url?sa=i&url=https%3A%2F%2Fes.wikipedia.org%2Fwiki%2FSabrina_Carpenter&psig=AOvVaw2nEY6lkYMlvwHY45HzpIx6&ust=1742665819074000&source=images&cd=vfe&opi=89978449&ved=0CBQQjRxqFwoTCJim2Zrem4wDFQAAAAAdAAAAABAE,fcirettg
66,Millie Bobby Brown,2004-02-19,Marbella,https://upload.wikimedia.org/wikipedia/commons/thumb/9/9b/Millie_Bobby_Brown_-_MBB_-_Portrait_1_-_SFM5_-_July_10%2C_2022_at_Stranger_Fan_Meet_5_People_Convention.jpg/640px-Millie_Bobby_Brown_-_MBB_-_Portrait_1_-_SFM5_-_July_10%2C_2022_at_Stranger_Fan_Meet_5_People_Convention.jpg,fcirettg
67,,1936-10-25,,"data:image/webp;base64,UklGRv4XAABXRUJQVlA4IPIXAAAwowCdASo4ATgBPolAm0olI6kmpzOamSARCWcIddduY+/oEpp79bHqR/PNpa9Uzwd0f7ZnyPe8WVIZsYZ5j/47+sotbEimmDcVTl8zghksECfyTfDDHjJvKgQ5QwzPeYGgz6ll68JgEwGnTiHAb0UKFibz1o14311wC6ZAzBh/tcSeCkkIKmiczCTLc7Qgz7GnhzLX2IOz05Z7XFP8XDPGoXhLhCsoTu9BisxkckWYgQ+uVx+t42TjF8WOyEwPAUmMdBlpC2YiKqzkV8f44Z6AoKl9pO+lrtIzGxB6pB0xT9tkxKpJdTiX9c6H1KzLAtyjap7QCTLfNYOXIPU/2VUug5jh0Ca33vFK0AgVD+eYBknbr8X+XyOzCm4KUTi3yY8ep+/qX0yxGxp4VWMNDT0sFhvspcO3P9Xgx5gw8fCeGCOT2g/RyIVOr4AAipqfM+yuKkV5tWHl+rCcGmAf2hbjW+9J6aOgkjQHTlsLcC2XcxuC1gME8M3P3y6UrRZ9wu0T4CwdKP4pFjjt2dENrwG3bf7PD8EIBLTZ6PGPHrBrjBj9e11V14NmnbsuWl5N2qbMQ3Nrc48JMJIZPIQBIu7xED2IBza0w5AHeNP97EtbBaSMiFhnV9Vtg4vkpAfffS8ybg035c7mC2ofJ856nUEYBLfiFNn4e+d6AVmgWq7Zx0C54RJlXgRjbDm/1vNAvie09KmfOQiHqJIP2dNq5XTJPCvBC5iQZPputpv4Suf8uro9Lc1ot2kR1p25XzFcZD8VhEq5rGzHeEZRia3DWjPOwZfiTRgqzUVxAVI578diVAEu2QgE3Fbz9JfLcG2sijvRueS87ISU16flRbPErly+RYkVq2CUe8BfdhG9TUUSaxobnWsrL4avHAgnEIgE9g/HAk6GCdnh48cOeKHhP4EAKVulHFNoGc3cKVaMKfVHduNwFcvNphMdSlJ7Y/2HlzZFn6KyNH3R5lb5//h9ohT8axhh7n3oa7Olf67f76Q9T9MsHIPQNQntZCjr0SlEVOBXBUNy24BmpUiqh8UHJPZuVb4s6FJduhY1vZZoqpxPSKxONlbGAPzP0NSKVm5qwpXK6hVfZSSR9ZZ8BhVM2QOO5dmcS7z3gM2nMrU69DKf+kKF00WHxUJeLLLxwiv16gsC/wKrM/zHbFmIq+Kz/aFOwjRZRFfqL2rml4kId4qDhevez4ejaElrszH45WI635NfQpeHyPVP0Zg/pUDni6xUWVUM6j/Z0CYHjYCI4Tht30G/pPLMybATmXPSGylRgnbm1L+Gu2QbZmSEvzpCkWI/jJ1XAa07KcV6GQ+u8kfXAZX55iBQCXUFyWy3ebEoKK1MIOt7ewBw/XeI89xqb1jTY9PbPjZXHAVe3c1lfYyyp4d5+Z2RLY/njQ4KATCODaoGujFR6kKbWRqpsXlFQn0qfV3C4OrrWyFLRg3bCLFcc68a9gc7DEFvXKDsGULRitl2EctHwLMTtPS110hZ0EFH89LMt/XopAxcLSWjdlsnaRrH0n0kJ+8uTpzutX6d58fN+Axfdq+K25AHhBdwC9XnKJY1/GcABBK+v03Ve6n4RnWWGymctL04wyjjtQMRvvX1XUtrnUzcmyLdeFoNGUT2jkGbmqfwZuMC+5FQ7jBT4cTI4GNeDphxeDhIyZcUKGh/x2XKPguUeyj4DHo/cBfLVm+6nXIypAo1NVpqxBCRT+eX8WZa6LPPDvTzllV6gSnMNL4iG5XlaZUX9w4VtOc3bgAA/n3HiZ9AnKhXd23AacsAqFXoCAlJ600VlKMu+PFbWvtbb31AJZqialjRBIHLUjQtwrp6zLmd03jbkP9DjfIk7cqWduVyWXX81V6gX1gQ8m939umyk4Bx94rON+5dcFwXkpcb+mQa9DaGbDVXSmaIbKAV9wFI/ttv/yF5zOrATF+amd54Yl3JJJP2GtWnjNORHAFuG/V/UCYAXsV/JDThHaONB/LN+u9dv8Zz26i7mzXsaiGTS4SLeoAgypv4Itetvh92NRbEdwphoWlMwhVVB/ud2JzKMqA3b8RYbskELPNfSmSH4v2ssQQTot+f8OzCAkwsom6Oe0r6u6L7AzySQbPnywTfXQfrBuaeYpN0v1hRDp+QEIdkg+kjYn7hIixNYbZLoNpAQOYvFpTNCCHVhbSonugehB3iau/612lTFyYCRJnO6DxTXSUUB8Z8tqNod8svUUEo6Yzfq1wEVqEm2lEKJA6Zn/HHj7UDm5b/wcQxUelxGNhmU7U+EzlAshHVy7JMQ2XL82C+RMJfoB9/2yv9Kiu9fTloY3m813AXDUZRIqDuqF138Sbtl9ThFyR4ra7PyVlGt69kLMXS1F3CA6TQvTTGFP9QECTR7uB7noqAhRrZTVWIbH1p/k58vsKGklrz3f/+7xnxyvBuCi5+RMgIoSqZEKWSac1sYtUaZFqwtXD9KX13wlGQUeCL9m1TOqVh/PAAW/XuQUGGsOiXemxohDM6okrm1ZpmVcMVsnBU1vj6Pfy8mCiIpxNN1GpuOXuI8l52xnKrJ0a5w4JrGfnJW/Ep5u9ICgnbGMjmYoUaCD42SVLAomruSmMvfHR/MLVBl2dOWtqiWy2q4UBDe7F/1fGS7rBJJ24MCsSSqA+lxTA06tekGTsVdwjnPwM4Dg762uKIuVgUJAdK9JsirsNcX2c4MLW9ckJEU4XNi26RT9osrM6YrvG2DGQWVVcaPk2x8JonRUQ6Pqmv4uSDtLko25i3TzKXu4eQxgrVE0IjsuqNwsCb6B4mDApjRhfJI2rQrhuCkyk0RyeZSGqHZn4hq2aWnMLpX8nSgbY2yZ+b+vETqChkzcAoAMOioA9TgvjNAh5WBLq3oPScbazcfZCmo/qXarwIllyJ7YA7uAX2TjvCL1dB6huhER2ym5Qmlr9OQzouV2pJ6cpIcW+uge6MaC9rcESPZjIUNSDftJIy8VOcZK1h5xkQGPtV7GbzLCWXiEKJEAjdoRDHi6P6biA3YbM/E2JWdAKUCBxnrI8fAC2p1JQRtsu4qNw00cdjCW2mfzFTc5oj9eRaiHM8V1gSF+Nn81HMNSF0xVzhzILrkmUJhwY3Y2TNTxnCAEQFAcX7YGiWrkgsO/1Jsgzf8CFW91B+iuAhaxdsU9+MT/PPDsrgzSC6EtF+8DhTL52yudO5bsihiHjDw1auuiNGU5qowpiHdAXG3H7jnHOkPFo+NqWEwsqs9HHH1yDdV+1V+GByrmlsBOgLlOrp11mygzN1tezx1eOB3IH4GWoMbOMTLGlO/ufq7ccR50l2lpUHG7/HBDk27Y8vAgWX4XTS7r6/eTdlZEllgDu4JBDRwQv3+q0RR/e94MDIPIWGXOPuUH9F/f/ECrBxLdOcHfDWMiuAC2SAERXySB/cqW3nW99ZRYFvi5Ma7krh2nu5HKI4YHLzZCbYpjn3NhFs2roLkyUQsqyKWwBahk6ILC2U7GIhKgAsA/RxoOzLbXckkbGUBHv1vLrtO9KF8Ttm/BaW0nItQtHIgRjV49Xquom9dKqI6ZY2aNom0epHzkkaa4Zj3W6eKFFyp90i5EZh2ikVAkMrQhQLd8KsrbiDrL2wiDx2QAVHxBoUPd7CIdKB1z+AUewfsGL4ap4tl3boIaXg4Qq8NOtVwMSoFPtLrx0cf/TeVTqePhKing5sICzBLZT0vSKd0s1wQW6vSl5aAIF9+InD0JK52sesE0BY8y4X644LpgIuR6chSkGhW5E+Lvqh0azztEYJ1y7J6Fm9ZqSDmqVurf+CMvgxdTtGVDAw1NqcAAAtnEvcZy3IdG0ciw7GPaVUnLRSqiWvaUuMTCkZVGy9DcS0XCubE8VRZ+wcGbaQAzgfAKyWTPyozLOXWVuRGXi8pV2i8k5Pu8iXpx+g+jPqIBXPr7rB10ytpyxmMZIRTyb5I+4A7fok12zJc6QyQK20RDFWMhUtEZPHWHHIP3lFy2ir7sVNcl/aeOfpnZJvSg+mfhTuOx4GFgu62/ojfI3gYhuEK9vODXktDehwJSJCIT+Z0AD589G9SqLNDcKz38JWb8B5tysxGGSn13hs5DmtAD+K6DVn63koNuBkxsszvJHcKFg6skCoBlH8Up+N/4/jRfy0KO0GdfPN3eGTHPQTrqyW7RNBRgnvn3AsFslHTRg+h1vXIbKu4nBAUhDx47BXnfv5lTtx51M1/22xlQt1mb7DXT/kEBziEPzVT8nzlyzGCXTeiNQ2YzhUWbIkaVxRAADMUVnkd8vF1W1RszgeOrokh/bUSNq7OzMOElVO9pmDFgazKyqcb167+f1idQ4vWpzMiHzzIEUEi9mS7q5B24Tmi+bjqU4scx9AZFJIuQ0/5rgluvhlinwexl8jJIdZ16dAX9OnG6rS6twvH1fQQrcYLZrPWZw5KqMsyQImrC0emhKtUa9KpTuIRc0FazqnWC9K100rIG5tOfduLNgV5rYzga+UwltI5JR2fhg7ZKHMSh5K2JGzGbMYcBExq1piIPrZoa9TLFkzeP7ECHDz57cFJ/+fNVWtXg2COCsmQUPuK+XNmxujGVtUrGbK70aZzLOhc/0r4c8J37x6sV0+v0DzyH7p8/QgpR/e+/t0YtdFcjkazOhRvAeA+TRDYoJtVTYqNR+yg29QDhFKR0GBg+4MEVPuem4y8J5BqZEx9oUmxgcZv1ZCkOw3yXKDmIWIiKXdaS/kx7Slp27O6XrbDCHIq7/ijvLWdr2yq37TmHVz5HS4LZmFp0jeiCE/cNZVPHfjvymC+K3t8QAMBgs4njw0zhPAJ22s0rqza04kOOrwRglZAmf3SDr/H0C4zPMEQMMcsT4SYg4D4kSSfAsB8Whsj2A8geEMsgimie5B3/wnpSO1cAG7Sm8poDIibOzjvmdsLQiq75h56DExwLldiCH9xGHE4J9gp9XN7GR/1ckzOggkHgVr0Xlyn+V+icM/NJnw7hM90/f3swFXlZ6l9BVAJvcfZjzDUEp7pq+llOZeKFjiDwnJux5yW1uPbJD45dPvab9c9QhHYc2m2etDpcwHTFRT7GA7SzvIyUGCg7n0bO0h87FAUbotrH++9VhtVYFH5OzLvW6dzYQ+uL7965cW/QMHjeS2Y0+pt0SA9ajR//DeYz0kl9HuJNGqX/HvX1xfKguPzaY1ZxHxdLGqNWmJwsTA4BK4AHnhpKkPfk2wmBerPq0K28qJSMJwhNeCU7DjMQmvRPSTddG81DvFI4gwiQ/l+MzRq+Gl1cKcVotpFIX08ImnjgrM4H/PJsOS315lzwDLG5EGfiDKh/SZkkTy2woSOQLlSCEQWKzbFwj99Yf77+9P2kjePEJh78pdwFFnXXF22TUDWzkUxdFjVXMcaeUc3i4D7f8dU6N0xnRpl/0QBvl0NphUqDhc4I4F/5W1xkIMkHjtcOgad9tzzESeJOVmFD8gYf5ZvjuwXmTOaPBVSAgAGo9rMkDaa5tR0HhzDQhRvd7GvFLhDOJsUahzAAUUpUnA7YaD+zWRN06idVrvKvmpba4+4pch68J1g2QcyfIugSPfqD7JZ/hlSGYJNh70CzZulEFv2M6rulqxpy2iQEe3t7roAA01JuwuxgO9DXdn0gBoq4O+3dpndDJvq+jAmn9Fz2AmAGtgNEkv9p0DHHlCO1+9YtHkPuWc1+gswvSB7iAmJmBOSdyFC2jFsIsQ4TDoiXzUvoVT+qi2ERtBEBdN4+ZRVSb+We43GW6N0Ixy6d7P2qd5pUrM19QE+Upv7ZwtT5W+s6TmesqyYnJ0OcUF/a1E7oUTKsHezvwYZIDXJhJ1KNFj+PRpDs8o2s0qWEkEdaEYFh6Ow7BLiz3uPN2Z4K+txx1xPEIKc3N5EWoe5lSX5xCTq7e5pyLIVIN1BVSrbY9XPEdreHWEdRouKap1NtMx4iMMvRQkk5sgrRgCUQV0SBd/owW/l07WJTMyqw0WuBl/RlgWB2UPkK87e8ayq9jCA1abdwcen181pFc2+kzoyJxe6aU6uTgtxiM+ZLu+n5ScrOlRAyOoPqe8e/YxBGK1PTonI/wZa1T4kNqrfv8tlpdhGHKz1BKpnkoS8pqY1ChsuBrjXyhClHlrvuE2f6dP0TJku19MxZWRCG0WxszgLEV+0veF4YBLL3HV8o1/LP38h7BgYoxxo4ofiLBYwQgkmSupCScDDo1EU4E5JR0ThydqkdHbDYd0E66Xh26evqyjAkkExG6UBJsYLuVXQwonr8xQ5b9dcLXdJri9WVnHl6nW35lP0OJ22bZ0oC1uVs9HwnKsJOIkaaQbskp8mZ0BpSqeWV5Ed4uIHw8t8xzoMcXnqxoxGNLNl1SAcLVN9J9h5p3Za4Tzl5QeCtyr50rkrqhKEdVRsSC5o9++26RbLRKukXxlD4HcY8PT9RyAC6BlpyJqjlVz4U5NtWfSh4VIBhbZpkYBNlSOkuNwfap3GMG7Vd8Hy/fpL43RnT8SbCYaIN73Fwe499JaOm4OvIkuOZ5Bp3MDNuSBFCVvAPvA9TTed0Frjzkw9hk88waVK5z1+WezerqVDKLEU6szrCyW4xgM7ycJgP4l1Bs8Hvk8tLvOmqWI21v1iBnUqhE5dC54sL7HGwlfMmbR4bGk+goFzv9Pz+27xJwNPLcUhdAfOo+pTCgR70QK0v/ye/zc2M8IGDBmpwL8bSRYFkI0V9/xumvD3atalfINBOrCm6IxNfc3Fsq4lIJ/RU/4OLzxUrYc2PDgEY0C4E/vdOaBAsqZJj7r2GMe99vNDQToOdY9Dx++RLP9aPzrSzuQldscc+BNNa3UYVpSGGoYYbSahDsb1CXlduryoS2gMlFujoXyMqV1VvdNKKruKzTW4fhBs3gyN0YorB1DLtNXGLKymkaOppj6HY+MsmVTRk7ZgN+fWySQg0aOMA1KwQjVa6ZljfdGJpLeoYMCQlRN+AVF+evtK7Qa6AjuYZFMXJy8hLGwABx/M5bWxsUEjlrFMrYepCcZ5D8O9mhadbnJYyO2SZ/1t36VIJN+mnh188QotUKCUYZwfiw2oUbsEQoQc5m8RnbMk1DBD5//gmqR6ZeojPWvGbWmdSk+XjC7tILLu9Uy21yp250IWTn4NQZd60SVUjTwKvXoUAMU/8wAmhSd8VY30E4lQAk9vlSUIqL27ANsaJaNjbITGb9YO7IPzhYvl4j9N24VvljB+Ir7v6JWNhMtF5DwcDTjk4vPcPI6rRPLjGNZ93BC8jvukFvxtopgEZ4Bpu11NnsYDTDZ28kRIxK7MAZ1n2NBvNdO0qQctcnKz4xRf+6f8UshnZTlqVJOctyp3xhJAvGE50M7jh1SZsZh+DkdSt86SUol8LKHXRZ+sqS7EHGvrIHFFpxrxaY+7OnHkrHO/3HaoMgrT/gG2YnEr+Wm24JMnveqWrtcfFJSOfw9G2QT90ThCcLpaDnNasWd5xs+nfhGo+4VEcMagL7moyisn2yxZ4bQz1BG5UPElwmgmeqIh1EiLjfHWdrPhMnkeC3k5S+ALuNAtVv7cw7+rvSVlHW08cFwbryzm6bZelqNMOhn1ShhQpzQ5t9fiwxNvIgwtQ1iKb9c6IjL5MDL+5tAZb9QKH6IofCCDBkTr4v1X0L9eB2II/ljvcMn9EgHZizjlUuRDAHC9FDvgwZg9G7Gy1ofDQO+yMRRP9xdJFbfMBys8hA56yVT3rmITuNZL/rJ+Etlo3mgykT8fGrYLCbm7i4QctRQ+1eULpWlq4W/VDifnEbeoeXQd2rNqyleXTdoBAWv86I4AKHUJ8JMc1A7KowH9VaT48V5lDi2C1x6s5L88iezzOFqmWljlL5kXRxiW/EGAHmBcHmPfB43WeZPyFlBgT+uN1oRK7Akt5/HQGq6h0fHLW5GtBDLwhsWixo3el/hhcGbavLfKE6cdlDVFdqncLuKc6wSlLQOQz/idBCI4prLFqSKH7vtw0BgKmGq7pkmrOLFFwAPlhJ8+tBXDqiAbPPHNQF4dTTCRzzxbCLssxV8Wm1kAhK3bJ6rlo4zra+bR02IgZ0eiA5FdG/QlyX0YaanI8QLR5nXJhMutrcwDAaapNZTpd47lGwaEhOSmgpi8SyAVO9GplsrMeVLEPh4cbM6uJmG8lC33RoF8KEcEGhN1N2FCcafKsACHyZGRTMbhvU+heUyADZ6JNgQnQANcc2U+tYqPApRkbuJtCSXXIE8pPrUYNSowAAA",chrry
68,,1936-10-25,,"data:image/webp;base64,UklGRv4XAABXRUJQVlA4IPIXAAAwowCdASo4ATgBPolAm0olI6kmpzOamSARCWcIddduY+/oEpp79bHqR/PNpa9Uzwd0f7ZnyPe8WVIZsYZ5j/47+sotbEimmDcVTl8zghksECfyTfDDHjJvKgQ5QwzPeYGgz6ll68JgEwGnTiHAb0UKFibz1o14311wC6ZAzBh/tcSeCkkIKmiczCTLc7Qgz7GnhzLX2IOz05Z7XFP8XDPGoXhLhCsoTu9BisxkckWYgQ+uVx+t42TjF8WOyEwPAUmMdBlpC2YiKqzkV8f44Z6AoKl9pO+lrtIzGxB6pB0xT9tkxKpJdTiX9c6H1KzLAtyjap7QCTLfNYOXIPU/2VUug5jh0Ca33vFK0AgVD+eYBknbr8X+XyOzCm4KUTi3yY8ep+/qX0yxGxp4VWMNDT0sFhvspcO3P9Xgx5gw8fCeGCOT2g/RyIVOr4AAipqfM+yuKkV5tWHl+rCcGmAf2hbjW+9J6aOgkjQHTlsLcC2XcxuC1gME8M3P3y6UrRZ9wu0T4CwdKP4pFjjt2dENrwG3bf7PD8EIBLTZ6PGPHrBrjBj9e11V14NmnbsuWl5N2qbMQ3Nrc48JMJIZPIQBIu7xED2IBza0w5AHeNP97EtbBaSMiFhnV9Vtg4vkpAfffS8ybg035c7mC2ofJ856nUEYBLfiFNn4e+d6AVmgWq7Zx0C54RJlXgRjbDm/1vNAvie09KmfOQiHqJIP2dNq5XTJPCvBC5iQZPputpv4Suf8uro9Lc1ot2kR1p25XzFcZD8VhEq5rGzHeEZRia3DWjPOwZfiTRgqzUVxAVI578diVAEu2QgE3Fbz9JfLcG2sijvRueS87ISU16flRbPErly+RYkVq2CUe8BfdhG9TUUSaxobnWsrL4avHAgnEIgE9g/HAk6GCdnh48cOeKHhP4EAKVulHFNoGc3cKVaMKfVHduNwFcvNphMdSlJ7Y/2HlzZFn6KyNH3R5lb5//h9ohT8axhh7n3oa7Olf67f76Q9T9MsHIPQNQntZCjr0SlEVOBXBUNy24BmpUiqh8UHJPZuVb4s6FJduhY1vZZoqpxPSKxONlbGAPzP0NSKVm5qwpXK6hVfZSSR9ZZ8BhVM2QOO5dmcS7z3gM2nMrU69DKf+kKF00WHxUJeLLLxwiv16gsC/wKrM/zHbFmIq+Kz/aFOwjRZRFfqL2rml4kId4qDhevez4ejaElrszH45WI635NfQpeHyPVP0Zg/pUDni6xUWVUM6j/Z0CYHjYCI4Tht30G/pPLMybATmXPSGylRgnbm1L+Gu2QbZmSEvzpCkWI/jJ1XAa07KcV6GQ+u8kfXAZX55iBQCXUFyWy3ebEoKK1MIOt7ewBw/XeI89xqb1jTY9PbPjZXHAVe3c1lfYyyp4d5+Z2RLY/njQ4KATCODaoGujFR6kKbWRqpsXlFQn0qfV3C4OrrWyFLRg3bCLFcc68a9gc7DEFvXKDsGULRitl2EctHwLMTtPS110hZ0EFH89LMt/XopAxcLSWjdlsnaRrH0n0kJ+8uTpzutX6d58fN+Axfdq+K25AHhBdwC9XnKJY1/GcABBK+v03Ve6n4RnWWGymctL04wyjjtQMRvvX1XUtrnUzcmyLdeFoNGUT2jkGbmqfwZuMC+5FQ7jBT4cTI4GNeDphxeDhIyZcUKGh/x2XKPguUeyj4DHo/cBfLVm+6nXIypAo1NVpqxBCRT+eX8WZa6LPPDvTzllV6gSnMNL4iG5XlaZUX9w4VtOc3bgAA/n3HiZ9AnKhXd23AacsAqFXoCAlJ600VlKMu+PFbWvtbb31AJZqialjRBIHLUjQtwrp6zLmd03jbkP9DjfIk7cqWduVyWXX81V6gX1gQ8m939umyk4Bx94rON+5dcFwXkpcb+mQa9DaGbDVXSmaIbKAV9wFI/ttv/yF5zOrATF+amd54Yl3JJJP2GtWnjNORHAFuG/V/UCYAXsV/JDThHaONB/LN+u9dv8Zz26i7mzXsaiGTS4SLeoAgypv4Itetvh92NRbEdwphoWlMwhVVB/ud2JzKMqA3b8RYbskELPNfSmSH4v2ssQQTot+f8OzCAkwsom6Oe0r6u6L7AzySQbPnywTfXQfrBuaeYpN0v1hRDp+QEIdkg+kjYn7hIixNYbZLoNpAQOYvFpTNCCHVhbSonugehB3iau/612lTFyYCRJnO6DxTXSUUB8Z8tqNod8svUUEo6Yzfq1wEVqEm2lEKJA6Zn/HHj7UDm5b/wcQxUelxGNhmU7U+EzlAshHVy7JMQ2XL82C+RMJfoB9/2yv9Kiu9fTloY3m813AXDUZRIqDuqF138Sbtl9ThFyR4ra7PyVlGt69kLMXS1F3CA6TQvTTGFP9QECTR7uB7noqAhRrZTVWIbH1p/k58vsKGklrz3f/+7xnxyvBuCi5+RMgIoSqZEKWSac1sYtUaZFqwtXD9KX13wlGQUeCL9m1TOqVh/PAAW/XuQUGGsOiXemxohDM6okrm1ZpmVcMVsnBU1vj6Pfy8mCiIpxNN1GpuOXuI8l52xnKrJ0a5w4JrGfnJW/Ep5u9ICgnbGMjmYoUaCD42SVLAomruSmMvfHR/MLVBl2dOWtqiWy2q4UBDe7F/1fGS7rBJJ24MCsSSqA+lxTA06tekGTsVdwjnPwM4Dg762uKIuVgUJAdK9JsirsNcX2c4MLW9ckJEU4XNi26RT9osrM6YrvG2DGQWVVcaPk2x8JonRUQ6Pqmv4uSDtLko25i3TzKXu4eQxgrVE0IjsuqNwsCb6B4mDApjRhfJI2rQrhuCkyk0RyeZSGqHZn4hq2aWnMLpX8nSgbY2yZ+b+vETqChkzcAoAMOioA9TgvjNAh5WBLq3oPScbazcfZCmo/qXarwIllyJ7YA7uAX2TjvCL1dB6huhER2ym5Qmlr9OQzouV2pJ6cpIcW+uge6MaC9rcESPZjIUNSDftJIy8VOcZK1h5xkQGPtV7GbzLCWXiEKJEAjdoRDHi6P6biA3YbM/E2JWdAKUCBxnrI8fAC2p1JQRtsu4qNw00cdjCW2mfzFTc5oj9eRaiHM8V1gSF+Nn81HMNSF0xVzhzILrkmUJhwY3Y2TNTxnCAEQFAcX7YGiWrkgsO/1Jsgzf8CFW91B+iuAhaxdsU9+MT/PPDsrgzSC6EtF+8DhTL52yudO5bsihiHjDw1auuiNGU5qowpiHdAXG3H7jnHOkPFo+NqWEwsqs9HHH1yDdV+1V+GByrmlsBOgLlOrp11mygzN1tezx1eOB3IH4GWoMbOMTLGlO/ufq7ccR50l2lpUHG7/HBDk27Y8vAgWX4XTS7r6/eTdlZEllgDu4JBDRwQv3+q0RR/e94MDIPIWGXOPuUH9F/f/ECrBxLdOcHfDWMiuAC2SAERXySB/cqW3nW99ZRYFvi5Ma7krh2nu5HKI4YHLzZCbYpjn3NhFs2roLkyUQsqyKWwBahk6ILC2U7GIhKgAsA/RxoOzLbXckkbGUBHv1vLrtO9KF8Ttm/BaW0nItQtHIgRjV49Xquom9dKqI6ZY2aNom0epHzkkaa4Zj3W6eKFFyp90i5EZh2ikVAkMrQhQLd8KsrbiDrL2wiDx2QAVHxBoUPd7CIdKB1z+AUewfsGL4ap4tl3boIaXg4Qq8NOtVwMSoFPtLrx0cf/TeVTqePhKing5sICzBLZT0vSKd0s1wQW6vSl5aAIF9+InD0JK52sesE0BY8y4X644LpgIuR6chSkGhW5E+Lvqh0azztEYJ1y7J6Fm9ZqSDmqVurf+CMvgxdTtGVDAw1NqcAAAtnEvcZy3IdG0ciw7GPaVUnLRSqiWvaUuMTCkZVGy9DcS0XCubE8VRZ+wcGbaQAzgfAKyWTPyozLOXWVuRGXi8pV2i8k5Pu8iXpx+g+jPqIBXPr7rB10ytpyxmMZIRTyb5I+4A7fok12zJc6QyQK20RDFWMhUtEZPHWHHIP3lFy2ir7sVNcl/aeOfpnZJvSg+mfhTuOx4GFgu62/ojfI3gYhuEK9vODXktDehwJSJCIT+Z0AD589G9SqLNDcKz38JWb8B5tysxGGSn13hs5DmtAD+K6DVn63koNuBkxsszvJHcKFg6skCoBlH8Up+N/4/jRfy0KO0GdfPN3eGTHPQTrqyW7RNBRgnvn3AsFslHTRg+h1vXIbKu4nBAUhDx47BXnfv5lTtx51M1/22xlQt1mb7DXT/kEBziEPzVT8nzlyzGCXTeiNQ2YzhUWbIkaVxRAADMUVnkd8vF1W1RszgeOrokh/bUSNq7OzMOElVO9pmDFgazKyqcb167+f1idQ4vWpzMiHzzIEUEi9mS7q5B24Tmi+bjqU4scx9AZFJIuQ0/5rgluvhlinwexl8jJIdZ16dAX9OnG6rS6twvH1fQQrcYLZrPWZw5KqMsyQImrC0emhKtUa9KpTuIRc0FazqnWC9K100rIG5tOfduLNgV5rYzga+UwltI5JR2fhg7ZKHMSh5K2JGzGbMYcBExq1piIPrZoa9TLFkzeP7ECHDz57cFJ/+fNVWtXg2COCsmQUPuK+XNmxujGVtUrGbK70aZzLOhc/0r4c8J37x6sV0+v0DzyH7p8/QgpR/e+/t0YtdFcjkazOhRvAeA+TRDYoJtVTYqNR+yg29QDhFKR0GBg+4MEVPuem4y8J5BqZEx9oUmxgcZv1ZCkOw3yXKDmIWIiKXdaS/kx7Slp27O6XrbDCHIq7/ijvLWdr2yq37TmHVz5HS4LZmFp0jeiCE/cNZVPHfjvymC+K3t8QAMBgs4njw0zhPAJ22s0rqza04kOOrwRglZAmf3SDr/H0C4zPMEQMMcsT4SYg4D4kSSfAsB8Whsj2A8geEMsgimie5B3/wnpSO1cAG7Sm8poDIibOzjvmdsLQiq75h56DExwLldiCH9xGHE4J9gp9XN7GR/1ckzOggkHgVr0Xlyn+V+icM/NJnw7hM90/f3swFXlZ6l9BVAJvcfZjzDUEp7pq+llOZeKFjiDwnJux5yW1uPbJD45dPvab9c9QhHYc2m2etDpcwHTFRT7GA7SzvIyUGCg7n0bO0h87FAUbotrH++9VhtVYFH5OzLvW6dzYQ+uL7965cW/QMHjeS2Y0+pt0SA9ajR//DeYz0kl9HuJNGqX/HvX1xfKguPzaY1ZxHxdLGqNWmJwsTA4BK4AHnhpKkPfk2wmBerPq0K28qJSMJwhNeCU7DjMQmvRPSTddG81DvFI4gwiQ/l+MzRq+Gl1cKcVotpFIX08ImnjgrM4H/PJsOS315lzwDLG5EGfiDKh/SZkkTy2woSOQLlSCEQWKzbFwj99Yf77+9P2kjePEJh78pdwFFnXXF22TUDWzkUxdFjVXMcaeUc3i4D7f8dU6N0xnRpl/0QBvl0NphUqDhc4I4F/5W1xkIMkHjtcOgad9tzzESeJOVmFD8gYf5ZvjuwXmTOaPBVSAgAGo9rMkDaa5tR0HhzDQhRvd7GvFLhDOJsUahzAAUUpUnA7YaD+zWRN06idVrvKvmpba4+4pch68J1g2QcyfIugSPfqD7JZ/hlSGYJNh70CzZulEFv2M6rulqxpy2iQEe3t7roAA01JuwuxgO9DXdn0gBoq4O+3dpndDJvq+jAmn9Fz2AmAGtgNEkv9p0DHHlCO1+9YtHkPuWc1+gswvSB7iAmJmBOSdyFC2jFsIsQ4TDoiXzUvoVT+qi2ERtBEBdN4+ZRVSb+We43GW6N0Ixy6d7P2qd5pUrM19QE+Upv7ZwtT5W+s6TmesqyYnJ0OcUF/a1E7oUTKsHezvwYZIDXJhJ1KNFj+PRpDs8o2s0qWEkEdaEYFh6Ow7BLiz3uPN2Z4K+txx1xPEIKc3N5EWoe5lSX5xCTq7e5pyLIVIN1BVSrbY9XPEdreHWEdRouKap1NtMx4iMMvRQkk5sgrRgCUQV0SBd/owW/l07WJTMyqw0WuBl/RlgWB2UPkK87e8ayq9jCA1abdwcen181pFc2+kzoyJxe6aU6uTgtxiM+ZLu+n5ScrOlRAyOoPqe8e/YxBGK1PTonI/wZa1T4kNqrfv8tlpdhGHKz1BKpnkoS8pqY1ChsuBrjXyhClHlrvuE2f6dP0TJku19MxZWRCG0WxszgLEV+0veF4YBLL3HV8o1/LP38h7BgYoxxo4ofiLBYwQgkmSupCScDDo1EU4E5JR0ThydqkdHbDYd0E66Xh26evqyjAkkExG6UBJsYLuVXQwonr8xQ5b9dcLXdJri9WVnHl6nW35lP0OJ22bZ0oC1uVs9HwnKsJOIkaaQbskp8mZ0BpSqeWV5Ed4uIHw8t8xzoMcXnqxoxGNLNl1SAcLVN9J9h5p3Za4Tzl5QeCtyr50rkrqhKEdVRsSC5o9++26RbLRKukXxlD4HcY8PT9RyAC6BlpyJqjlVz4U5NtWfSh4VIBhbZpkYBNlSOkuNwfap3GMG7Vd8Hy/fpL43RnT8SbCYaIN73Fwe499JaOm4OvIkuOZ5Bp3MDNuSBFCVvAPvA9TTed0Frjzkw9hk88waVK5z1+WezerqVDKLEU6szrCyW4xgM7ycJgP4l1Bs8Hvk8tLvOmqWI21v1iBnUqhE5dC54sL7HGwlfMmbR4bGk+goFzv9Pz+27xJwNPLcUhdAfOo+pTCgR70QK0v/ye/zc2M8IGDBmpwL8bSRYFkI0V9/xumvD3atalfINBOrCm6IxNfc3Fsq4lIJ/RU/4OLzxUrYc2PDgEY0C4E/vdOaBAsqZJj7r2GMe99vNDQToOdY9Dx++RLP9aPzrSzuQldscc+BNNa3UYVpSGGoYYbSahDsb1CXlduryoS2gMlFujoXyMqV1VvdNKKruKzTW4fhBs3gyN0YorB1DLtNXGLKymkaOppj6HY+MsmVTRk7ZgN+fWySQg0aOMA1KwQjVa6ZljfdGJpLeoYMCQlRN+AVF+evtK7Qa6AjuYZFMXJy8hLGwABx/M5bWxsUEjlrFMrYepCcZ5D8O9mhadbnJYyO2SZ/1t36VIJN+mnh188QotUKCUYZwfiw2oUbsEQoQc5m8RnbMk1DBD5//gmqR6ZeojPWvGbWmdSk+XjC7tILLu9Uy21yp250IWTn4NQZd60SVUjTwKvXoUAMU/8wAmhSd8VY30E4lQAk9vlSUIqL27ANsaJaNjbITGb9YO7IPzhYvl4j9N24VvljB+Ir7v6JWNhMtF5DwcDTjk4vPcPI6rRPLjGNZ93BC8jvukFvxtopgEZ4Bpu11NnsYDTDZ28kRIxK7MAZ1n2NBvNdO0qQctcnKz4xRf+6f8UshnZTlqVJOctyp3xhJAvGE50M7jh1SZsZh+DkdSt86SUol8LKHXRZ+sqS7EHGvrIHFFpxrxaY+7OnHkrHO/3HaoMgrT/gG2YnEr+Wm24JMnveqWrtcfFJSOfw9G2QT90ThCcLpaDnNasWd5xs+nfhGo+4VEcMagL7moyisn2yxZ4bQz1BG5UPElwmgmeqIh1EiLjfHWdrPhMnkeC3k5S+ALuNAtVv7cw7+rvSVlHW08cFwbryzm6bZelqNMOhn1ShhQpzQ5t9fiwxNvIgwtQ1iKb9c6IjL5MDL+5tAZb9QKH6IofCCDBkTr4v1X0L9eB2II/ljvcMn9EgHZizjlUuRDAHC9FDvgwZg9G7Gy1ofDQO+yMRRP9xdJFbfMBys8hA56yVT3rmITuNZL/rJ+Etlo3mgykT8fGrYLCbm7i4QctRQ+1eULpWlq4W/VDifnEbeoeXQd2rNqyleXTdoBAWv86I4AKHUJ8JMc1A7KowH9VaT48V5lDi2C1x6s5L88iezzOFqmWljlL5kXRxiW/EGAHmBcHmPfB43WeZPyFlBgT+uN1oRK7Akt5/HQGq6h0fHLW5GtBDLwhsWixo3el/hhcGbavLfKE6cdlDVFdqncLuKc6wSlLQOQz/idBCI4prLFqSKH7vtw0BgKmGq7pkmrOLFFwAPlhJ8+tBXDqiAbPPHNQF4dTTCRzzxbCLssxV8Wm1kAhK3bJ6rlo4zra+bR02IgZ0eiA5FdG/QlyX0YaanI8QLR5nXJhMutrcwDAaapNZTpd47lGwaEhOSmgpi8SyAVO9GplsrMeVLEPh4cbM6uJmG8lC33RoF8KEcEGhN1N2FCcafKsACHyZGRTMbhvU+heUyADZ6JNgQnQANcc2U+tYqPApRkbuJtCSXXIE8pPrUYNSowAAA",chrry
69,,1936-10-25,,"data:image/webp;base64,UklGRv4XAABXRUJQVlA4IPIXAAAwowCdASo4ATgBPolAm0olI6kmpzOamSARCWcIddduY+/oEpp79bHqR/PNpa9Uzwd0f7ZnyPe8WVIZsYZ5j/47+sotbEimmDcVTl8zghksECfyTfDDHjJvKgQ5QwzPeYGgz6ll68JgEwGnTiHAb0UKFibz1o14311wC6ZAzBh/tcSeCkkIKmiczCTLc7Qgz7GnhzLX2IOz05Z7XFP8XDPGoXhLhCsoTu9BisxkckWYgQ+uVx+t42TjF8WOyEwPAUmMdBlpC2YiKqzkV8f44Z6AoKl9pO+lrtIzGxB6pB0xT9tkxKpJdTiX9c6H1KzLAtyjap7QCTLfNYOXIPU/2VUug5jh0Ca33vFK0AgVD+eYBknbr8X+XyOzCm4KUTi3yY8ep+/qX0yxGxp4VWMNDT0sFhvspcO3P9Xgx5gw8fCeGCOT2g/RyIVOr4AAipqfM+yuKkV5tWHl+rCcGmAf2hbjW+9J6aOgkjQHTlsLcC2XcxuC1gME8M3P3y6UrRZ9wu0T4CwdKP4pFjjt2dENrwG3bf7PD8EIBLTZ6PGPHrBrjBj9e11V14NmnbsuWl5N2qbMQ3Nrc48JMJIZPIQBIu7xED2IBza0w5AHeNP97EtbBaSMiFhnV9Vtg4vkpAfffS8ybg035c7mC2ofJ856nUEYBLfiFNn4e+d6AVmgWq7Zx0C54RJlXgRjbDm/1vNAvie09KmfOQiHqJIP2dNq5XTJPCvBC5iQZPputpv4Suf8uro9Lc1ot2kR1p25XzFcZD8VhEq5rGzHeEZRia3DWjPOwZfiTRgqzUVxAVI578diVAEu2QgE3Fbz9JfLcG2sijvRueS87ISU16flRbPErly+RYkVq2CUe8BfdhG9TUUSaxobnWsrL4avHAgnEIgE9g/HAk6GCdnh48cOeKHhP4EAKVulHFNoGc3cKVaMKfVHduNwFcvNphMdSlJ7Y/2HlzZFn6KyNH3R5lb5//h9ohT8axhh7n3oa7Olf67f76Q9T9MsHIPQNQntZCjr0SlEVOBXBUNy24BmpUiqh8UHJPZuVb4s6FJduhY1vZZoqpxPSKxONlbGAPzP0NSKVm5qwpXK6hVfZSSR9ZZ8BhVM2QOO5dmcS7z3gM2nMrU69DKf+kKF00WHxUJeLLLxwiv16gsC/wKrM/zHbFmIq+Kz/aFOwjRZRFfqL2rml4kId4qDhevez4ejaElrszH45WI635NfQpeHyPVP0Zg/pUDni6xUWVUM6j/Z0CYHjYCI4Tht30G/pPLMybATmXPSGylRgnbm1L+Gu2QbZmSEvzpCkWI/jJ1XAa07KcV6GQ+u8kfXAZX55iBQCXUFyWy3ebEoKK1MIOt7ewBw/XeI89xqb1jTY9PbPjZXHAVe3c1lfYyyp4d5+Z2RLY/njQ4KATCODaoGujFR6kKbWRqpsXlFQn0qfV3C4OrrWyFLRg3bCLFcc68a9gc7DEFvXKDsGULRitl2EctHwLMTtPS110hZ0EFH89LMt/XopAxcLSWjdlsnaRrH0n0kJ+8uTpzutX6d58fN+Axfdq+K25AHhBdwC9XnKJY1/GcABBK+v03Ve6n4RnWWGymctL04wyjjtQMRvvX1XUtrnUzcmyLdeFoNGUT2jkGbmqfwZuMC+5FQ7jBT4cTI4GNeDphxeDhIyZcUKGh/x2XKPguUeyj4DHo/cBfLVm+6nXIypAo1NVpqxBCRT+eX8WZa6LPPDvTzllV6gSnMNL4iG5XlaZUX9w4VtOc3bgAA/n3HiZ9AnKhXd23AacsAqFXoCAlJ600VlKMu+PFbWvtbb31AJZqialjRBIHLUjQtwrp6zLmd03jbkP9DjfIk7cqWduVyWXX81V6gX1gQ8m939umyk4Bx94rON+5dcFwXkpcb+mQa9DaGbDVXSmaIbKAV9wFI/ttv/yF5zOrATF+amd54Yl3JJJP2GtWnjNORHAFuG/V/UCYAXsV/JDThHaONB/LN+u9dv8Zz26i7mzXsaiGTS4SLeoAgypv4Itetvh92NRbEdwphoWlMwhVVB/ud2JzKMqA3b8RYbskELPNfSmSH4v2ssQQTot+f8OzCAkwsom6Oe0r6u6L7AzySQbPnywTfXQfrBuaeYpN0v1hRDp+QEIdkg+kjYn7hIixNYbZLoNpAQOYvFpTNCCHVhbSonugehB3iau/612lTFyYCRJnO6DxTXSUUB8Z8tqNod8svUUEo6Yzfq1wEVqEm2lEKJA6Zn/HHj7UDm5b/wcQxUelxGNhmU7U+EzlAshHVy7JMQ2XL82C+RMJfoB9/2yv9Kiu9fTloY3m813AXDUZRIqDuqF138Sbtl9ThFyR4ra7PyVlGt69kLMXS1F3CA6TQvTTGFP9QECTR7uB7noqAhRrZTVWIbH1p/k58vsKGklrz3f/+7xnxyvBuCi5+RMgIoSqZEKWSac1sYtUaZFqwtXD9KX13wlGQUeCL9m1TOqVh/PAAW/XuQUGGsOiXemxohDM6okrm1ZpmVcMVsnBU1vj6Pfy8mCiIpxNN1GpuOXuI8l52xnKrJ0a5w4JrGfnJW/Ep5u9ICgnbGMjmYoUaCD42SVLAomruSmMvfHR/MLVBl2dOWtqiWy2q4UBDe7F/1fGS7rBJJ24MCsSSqA+lxTA06tekGTsVdwjnPwM4Dg762uKIuVgUJAdK9JsirsNcX2c4MLW9ckJEU4XNi26RT9osrM6YrvG2DGQWVVcaPk2x8JonRUQ6Pqmv4uSDtLko25i3TzKXu4eQxgrVE0IjsuqNwsCb6B4mDApjRhfJI2rQrhuCkyk0RyeZSGqHZn4hq2aWnMLpX8nSgbY2yZ+b+vETqChkzcAoAMOioA9TgvjNAh5WBLq3oPScbazcfZCmo/qXarwIllyJ7YA7uAX2TjvCL1dB6huhER2ym5Qmlr9OQzouV2pJ6cpIcW+uge6MaC9rcESPZjIUNSDftJIy8VOcZK1h5xkQGPtV7GbzLCWXiEKJEAjdoRDHi6P6biA3YbM/E2JWdAKUCBxnrI8fAC2p1JQRtsu4qNw00cdjCW2mfzFTc5oj9eRaiHM8V1gSF+Nn81HMNSF0xVzhzILrkmUJhwY3Y2TNTxnCAEQFAcX7YGiWrkgsO/1Jsgzf8CFW91B+iuAhaxdsU9+MT/PPDsrgzSC6EtF+8DhTL52yudO5bsihiHjDw1auuiNGU5qowpiHdAXG3H7jnHOkPFo+NqWEwsqs9HHH1yDdV+1V+GByrmlsBOgLlOrp11mygzN1tezx1eOB3IH4GWoMbOMTLGlO/ufq7ccR50l2lpUHG7/HBDk27Y8vAgWX4XTS7r6/eTdlZEllgDu4JBDRwQv3+q0RR/e94MDIPIWGXOPuUH9F/f/ECrBxLdOcHfDWMiuAC2SAERXySB/cqW3nW99ZRYFvi5Ma7krh2nu5HKI4YHLzZCbYpjn3NhFs2roLkyUQsqyKWwBahk6ILC2U7GIhKgAsA/RxoOzLbXckkbGUBHv1vLrtO9KF8Ttm/BaW0nItQtHIgRjV49Xquom9dKqI6ZY2aNom0epHzkkaa4Zj3W6eKFFyp90i5EZh2ikVAkMrQhQLd8KsrbiDrL2wiDx2QAVHxBoUPd7CIdKB1z+AUewfsGL4ap4tl3boIaXg4Qq8NOtVwMSoFPtLrx0cf/TeVTqePhKing5sICzBLZT0vSKd0s1wQW6vSl5aAIF9+InD0JK52sesE0BY8y4X644LpgIuR6chSkGhW5E+Lvqh0azztEYJ1y7J6Fm9ZqSDmqVurf+CMvgxdTtGVDAw1NqcAAAtnEvcZy3IdG0ciw7GPaVUnLRSqiWvaUuMTCkZVGy9DcS0XCubE8VRZ+wcGbaQAzgfAKyWTPyozLOXWVuRGXi8pV2i8k5Pu8iXpx+g+jPqIBXPr7rB10ytpyxmMZIRTyb5I+4A7fok12zJc6QyQK20RDFWMhUtEZPHWHHIP3lFy2ir7sVNcl/aeOfpnZJvSg+mfhTuOx4GFgu62/ojfI3gYhuEK9vODXktDehwJSJCIT+Z0AD589G9SqLNDcKz38JWb8B5tysxGGSn13hs5DmtAD+K6DVn63koNuBkxsszvJHcKFg6skCoBlH8Up+N/4/jRfy0KO0GdfPN3eGTHPQTrqyW7RNBRgnvn3AsFslHTRg+h1vXIbKu4nBAUhDx47BXnfv5lTtx51M1/22xlQt1mb7DXT/kEBziEPzVT8nzlyzGCXTeiNQ2YzhUWbIkaVxRAADMUVnkd8vF1W1RszgeOrokh/bUSNq7OzMOElVO9pmDFgazKyqcb167+f1idQ4vWpzMiHzzIEUEi9mS7q5B24Tmi+bjqU4scx9AZFJIuQ0/5rgluvhlinwexl8jJIdZ16dAX9OnG6rS6twvH1fQQrcYLZrPWZw5KqMsyQImrC0emhKtUa9KpTuIRc0FazqnWC9K100rIG5tOfduLNgV5rYzga+UwltI5JR2fhg7ZKHMSh5K2JGzGbMYcBExq1piIPrZoa9TLFkzeP7ECHDz57cFJ/+fNVWtXg2COCsmQUPuK+XNmxujGVtUrGbK70aZzLOhc/0r4c8J37x6sV0+v0DzyH7p8/QgpR/e+/t0YtdFcjkazOhRvAeA+TRDYoJtVTYqNR+yg29QDhFKR0GBg+4MEVPuem4y8J5BqZEx9oUmxgcZv1ZCkOw3yXKDmIWIiKXdaS/kx7Slp27O6XrbDCHIq7/ijvLWdr2yq37TmHVz5HS4LZmFp0jeiCE/cNZVPHfjvymC+K3t8QAMBgs4njw0zhPAJ22s0rqza04kOOrwRglZAmf3SDr/H0C4zPMEQMMcsT4SYg4D4kSSfAsB8Whsj2A8geEMsgimie5B3/wnpSO1cAG7Sm8poDIibOzjvmdsLQiq75h56DExwLldiCH9xGHE4J9gp9XN7GR/1ckzOggkHgVr0Xlyn+V+icM/NJnw7hM90/f3swFXlZ6l9BVAJvcfZjzDUEp7pq+llOZeKFjiDwnJux5yW1uPbJD45dPvab9c9QhHYc2m2etDpcwHTFRT7GA7SzvIyUGCg7n0bO0h87FAUbotrH++9VhtVYFH5OzLvW6dzYQ+uL7965cW/QMHjeS2Y0+pt0SA9ajR//DeYz0kl9HuJNGqX/HvX1xfKguPzaY1ZxHxdLGqNWmJwsTA4BK4AHnhpKkPfk2wmBerPq0K28qJSMJwhNeCU7DjMQmvRPSTddG81DvFI4gwiQ/l+MzRq+Gl1cKcVotpFIX08ImnjgrM4H/PJsOS315lzwDLG5EGfiDKh/SZkkTy2woSOQLlSCEQWKzbFwj99Yf77+9P2kjePEJh78pdwFFnXXF22TUDWzkUxdFjVXMcaeUc3i4D7f8dU6N0xnRpl/0QBvl0NphUqDhc4I4F/5W1xkIMkHjtcOgad9tzzESeJOVmFD8gYf5ZvjuwXmTOaPBVSAgAGo9rMkDaa5tR0HhzDQhRvd7GvFLhDOJsUahzAAUUpUnA7YaD+zWRN06idVrvKvmpba4+4pch68J1g2QcyfIugSPfqD7JZ/hlSGYJNh70CzZulEFv2M6rulqxpy2iQEe3t7roAA01JuwuxgO9DXdn0gBoq4O+3dpndDJvq+jAmn9Fz2AmAGtgNEkv9p0DHHlCO1+9YtHkPuWc1+gswvSB7iAmJmBOSdyFC2jFsIsQ4TDoiXzUvoVT+qi2ERtBEBdN4+ZRVSb+We43GW6N0Ixy6d7P2qd5pUrM19QE+Upv7ZwtT5W+s6TmesqyYnJ0OcUF/a1E7oUTKsHezvwYZIDXJhJ1KNFj+PRpDs8o2s0qWEkEdaEYFh6Ow7BLiz3uPN2Z4K+txx1xPEIKc3N5EWoe5lSX5xCTq7e5pyLIVIN1BVSrbY9XPEdreHWEdRouKap1NtMx4iMMvRQkk5sgrRgCUQV0SBd/owW/l07WJTMyqw0WuBl/RlgWB2UPkK87e8ayq9jCA1abdwcen181pFc2+kzoyJxe6aU6uTgtxiM+ZLu+n5ScrOlRAyOoPqe8e/YxBGK1PTonI/wZa1T4kNqrfv8tlpdhGHKz1BKpnkoS8pqY1ChsuBrjXyhClHlrvuE2f6dP0TJku19MxZWRCG0WxszgLEV+0veF4YBLL3HV8o1/LP38h7BgYoxxo4ofiLBYwQgkmSupCScDDo1EU4E5JR0ThydqkdHbDYd0E66Xh26evqyjAkkExG6UBJsYLuVXQwonr8xQ5b9dcLXdJri9WVnHl6nW35lP0OJ22bZ0oC1uVs9HwnKsJOIkaaQbskp8mZ0BpSqeWV5Ed4uIHw8t8xzoMcXnqxoxGNLNl1SAcLVN9J9h5p3Za4Tzl5QeCtyr50rkrqhKEdVRsSC5o9++26RbLRKukXxlD4HcY8PT9RyAC6BlpyJqjlVz4U5NtWfSh4VIBhbZpkYBNlSOkuNwfap3GMG7Vd8Hy/fpL43RnT8SbCYaIN73Fwe499JaOm4OvIkuOZ5Bp3MDNuSBFCVvAPvA9TTed0Frjzkw9hk88waVK5z1+WezerqVDKLEU6szrCyW4xgM7ycJgP4l1Bs8Hvk8tLvOmqWI21v1iBnUqhE5dC54sL7HGwlfMmbR4bGk+goFzv9Pz+27xJwNPLcUhdAfOo+pTCgR70QK0v/ye/zc2M8IGDBmpwL8bSRYFkI0V9/xumvD3atalfINBOrCm6IxNfc3Fsq4lIJ/RU/4OLzxUrYc2PDgEY0C4E/vdOaBAsqZJj7r2GMe99vNDQToOdY9Dx++RLP9aPzrSzuQldscc+BNNa3UYVpSGGoYYbSahDsb1CXlduryoS2gMlFujoXyMqV1VvdNKKruKzTW4fhBs3gyN0YorB1DLtNXGLKymkaOppj6HY+MsmVTRk7ZgN+fWySQg0aOMA1KwQjVa6ZljfdGJpLeoYMCQlRN+AVF+evtK7Qa6AjuYZFMXJy8hLGwABx/M5bWxsUEjlrFMrYepCcZ5D8O9mhadbnJYyO2SZ/1t36VIJN+mnh188QotUKCUYZwfiw2oUbsEQoQc5m8RnbMk1DBD5//gmqR6ZeojPWvGbWmdSk+XjC7tILLu9Uy21yp250IWTn4NQZd60SVUjTwKvXoUAMU/8wAmhSd8VY30E4lQAk9vlSUIqL27ANsaJaNjbITGb9YO7IPzhYvl4j9N24VvljB+Ir7v6JWNhMtF5DwcDTjk4vPcPI6rRPLjGNZ93BC8jvukFvxtopgEZ4Bpu11NnsYDTDZ28kRIxK7MAZ1n2NBvNdO0qQctcnKz4xRf+6f8UshnZTlqVJOctyp3xhJAvGE50M7jh1SZsZh+DkdSt86SUol8LKHXRZ+sqS7EHGvrIHFFpxrxaY+7OnHkrHO/3HaoMgrT/gG2YnEr+Wm24JMnveqWrtcfFJSOfw9G2QT90ThCcLpaDnNasWd5xs+nfhGo+4VEcMagL7moyisn2yxZ4bQz1BG5UPElwmgmeqIh1EiLjfHWdrPhMnkeC3k5S+ALuNAtVv7cw7+rvSVlHW08cFwbryzm6bZelqNMOhn1ShhQpzQ5t9fiwxNvIgwtQ1iKb9c6IjL5MDL+5tAZb9QKH6IofCCDBkTr4v1X0L9eB2II/ljvcMn9EgHZizjlUuRDAHC9FDvgwZg9G7Gy1ofDQO+yMRRP9xdJFbfMBys8hA56yVT3rmITuNZL/rJ+Etlo3mgykT8fGrYLCbm7i4QctRQ+1eULpWlq4W/VDifnEbeoeXQd2rNqyleXTdoBAWv86I4AKHUJ8JMc1A7KowH9VaT48V5lDi2C1x6s5L88iezzOFqmWljlL5kXRxiW/EGAHmBcHmPfB43WeZPyFlBgT+uN1oRK7Akt5/HQGq6h0fHLW5GtBDLwhsWixo3el/hhcGbavLfKE6cdlDVFdqncLuKc6wSlLQOQz/idBCI4prLFqSKH7vtw0BgKmGq7pkmrOLFFwAPlhJ8+tBXDqiAbPPHNQF4dTTCRzzxbCLssxV8Wm1kAhK3bJ6rlo4zra+bR02IgZ0eiA5FdG/QlyX0YaanI8QLR5nXJhMutrcwDAaapNZTpd47lGwaEhOSmgpi8SyAVO9GplsrMeVLEPh4cbM6uJmG8lC33RoF8KEcEGhN1N2FCcafKsACHyZGRTMbhvU+heUyADZ6JNgQnQANcc2U+tYqPApRkbuJtCSXXIE8pPrUYNSowAAA",chrry
